-- ISU Football Tournament live data backup
-- Generated: 2026-03-29
-- Database: football_db
-- Contents: teams, players, team_members

USE football_db;
SET NAMES utf8mb4;
SET FOREIGN_KEY_CHECKS = 0;
START TRANSACTION;

-- Clear current tournament roster data before restore
DELETE FROM team_members;
DELETE FROM players;
DELETE FROM teams;

-- Restore teams
INSERT INTO teams (team_number, team_name, captain_name) VALUES
(1, 'REAL BADMAN FC', 'ABRAHAM'),
(2, 'Algeria Desert Warriors', 'Benzine Ilies'),
(3, 'WEST COAST FC', '马鹤源'),
(4, 'Asia FCB', 'Bas'),
(5, 'morocco warriors', 'Ilyas Mustapha Hatime'),
(6, 'morocco giants', 'Hamza'),
(7, 'morocco falcons', 'bassour');

-- Restore players
INSERT INTO players (player_id, player_number, player_name, position, player_team) VALUES
(1, 10, 'ABRAHAM', 'Midfielder', 1),
(2, 14, 'HASHEEM', 'Defender', 1),
(3, 4, 'MOHAFA', 'Defender', 1),
(4, 11, 'KAFI', 'Defender', 1),
(5, 17, 'BENJAMIN', 'Midfielder', 1),
(6, 3, 'TOUBARO', 'Defender', 1),
(7, 6, 'MARK', 'Defender', 1),
(8, 5, 'BISHAR', 'Defender', 1),
(9, 9, 'H.MIAMI', 'Goalkeeper', 1),
(10, 70, 'APDI KEDER', 'Defender', 1),
(11, 22, 'MOHAMED M', 'Defender', 1),
(12, 10, 'Benzine Ilies', 'Defender', 2),
(13, 5, 'Bahaeddine', 'Defender', 2),
(14, 2, 'Irnatene Mokrane', 'Defender', 2),
(15, 1, 'Ammar Abderraouf', 'Goalkeeper', 2),
(16, 8, 'Hammyani Nadir', 'Midfielder', 2),
(17, 6, 'Zerkouk Mohamed Reda', 'Midfielder', 2),
(18, 7, 'Boudia Rayane', 'Defender', 2),
(19, 9, 'Laifa Abdelmoumene', 'Defender', 2),
(20, 3, 'Nadhem Kassabi', 'Defender', 2),
(21, 11, 'Habib', 'Defender', 2),
(22, 4, 'Abbas', 'Defender', 2),
(23, 2, '马鹤源', 'cm', 3),
(24, 4, '毕晏昭', 'cm', 3),
(25, 5, 'Subat', 'Defender', 3),
(26, 6, '孙云鹏', 'cm', 3),
(27, 7, '穆再排尔', 'Defender', 3),
(28, 8, 'Angsar', 'cm', 3),
(29, 9, '谢建业', 'Defender', 3),
(30, 11, '张嘉明', 'Defender', 3),
(31, 14, 'Ebrayim', 'cm', 3),
(32, 17, 'Tayir', 'cm', 3),
(33, 19, 'Ankar', 'Defender', 3),
(34, 25, '陈俊池', 'gk', 3),
(35, 81, '黄锐', 'cm', 3),
(36, 19, 'Gracelyn', 'Defender', 4),
(37, 7, 'Muzakir', 'Defender', 4),
(38, 13, 'Baha', 'Midfielder', 4),
(39, 9, 'Ahmed', 'Defender', 4),
(40, 11, 'Ersultan', 'Midfielder', 4),
(41, 17, 'Izaz Ali', 'Goalkeeper', 4),
(42, 22, 'Mikel', 'Goalkeeper', 4),
(43, 10, 'Bas', 'Midfielder', 4),
(44, 4, 'Sohail AK', 'Defender', 4),
(45, 8, 'Waleed', 'Midfielder', 4),
(46, 6, 'Mohammed Ali', 'Defender', 4),
(47, 30, 'Joy', 'Defender', 4),
(48, 99, 'Faisal Jr', 'Defender', 4),
(49, 14, 'Zico', 'Midfielder', 4),
(50, 41, 'Musa', 'Midfielder', 4),
(51, 8, 'Ouzaidane Anass', 'Midfielder', 5),
(52, 32, 'El Mehdi Akhiyad', 'Defender', 5),
(53, 1, 'Ismail Tabbiz', 'Keeper', 5),
(54, 99, 'Adam Eddyani', 'Defender', 5),
(55, 10, 'Achraf Alhiane', 'Defender', 5),
(56, 6, 'Ilyas Mustapha Hatime', 'Midfielder', 5),
(57, 19, 'Othmane Ait Laachir', 'Defender', 5),
(58, 33, 'Elmahdaoui Saad', 'Midfielder', 5),
(59, 3, 'Abdelaziz Belghard', 'Defender', 5),
(60, 9, 'Yasser Kria', 'Defender', 5),
(61, 2, 'Aymane Sehsah', 'Defender', 5),
(62, 44, 'Tajji Ayoub', 'Defender', 5),
(63, 16, 'Louksani Marouane', 'Defender', 5),
(64, 18, 'Marssou Ali', 'Defender', 5),
(65, 10, 'Hamza', 'Defender', 6),
(66, 1, 'Adnane Abousalim', 'Goalkeeper', 6),
(67, 7, 'Mohamed Zerda', 'RB', 6),
(68, 11, 'Aymane', 'Defender', 6),
(69, 17, 'Fariss', 'Defender', 6),
(70, 34, 'Anwar Oujnine', 'Defender', 6),
(71, 99, 'Zyad Kartoul', 'Defender', 6),
(72, 8, 'Ziad Radi', 'Midfielder', 6),
(73, 6, 'Walide', 'Defender', 6),
(74, 19, 'El Cherif', 'Defender', 6),
(75, 2, 'JK', 'Defender', 6),
(76, 5, 'Amine', 'Defender', 6),
(77, 12, 'Abssamad', 'Midfielder', 6),
(78, 15, 'Alae', 'Midfielder', 6),
(79, 1, 'RED1', 'Goalkeeper', 7),
(80, 11, 'Oussama', 'Midfielder', 7),
(81, 5, 'Bassour', 'Defensive Midfielder', 7),
(82, 7, 'Amiri', 'Right Winger', 7),
(83, 6, 'N. Elmaleky', 'Defender', 7),
(84, 19, 'Yahya', 'Left Winger', 7),
(85, 3, 'Pouvri', 'Defender', 7),
(86, 8, 'Ahmed', 'Midfielder', 7),
(87, 10, 'El Baghdady', 'Midfielder', 7),
(88, 35, 'Abdo', 'Defender', 7),
(89, 2, 'FH Amine', 'Defender', 7),
(90, 9, 'M. Elkhalil', 'Forward', 7),
(91, 4, 'A. Fathi', 'Defender', 7),
(92, 30, 'Saif', 'Attacking Midfielder', 7),
(93, 23, 'Ghazi', 'Midfielder', 7);

-- Restore team-to-player links
INSERT INTO team_members (team_number, player_id) VALUES
(1, 1),
(1, 2),
(1, 3),
(1, 4),
(1, 5),
(1, 6),
(1, 7),
(1, 8),
(1, 9),
(1, 10),
(1, 11),
(2, 12),
(2, 13),
(2, 14),
(2, 15),
(2, 16),
(2, 17),
(2, 18),
(2, 19),
(2, 20),
(2, 21),
(2, 22),
(3, 23),
(3, 24),
(3, 25),
(3, 26),
(3, 27),
(3, 28),
(3, 29),
(3, 30),
(3, 31),
(3, 32),
(3, 33),
(3, 34),
(3, 35),
(4, 36),
(4, 37),
(4, 38),
(4, 39),
(4, 40),
(4, 41),
(4, 42),
(4, 43),
(4, 44),
(4, 45),
(4, 46),
(4, 47),
(4, 48),
(4, 49),
(4, 50),
(5, 51),
(5, 52),
(5, 53),
(5, 54),
(5, 55),
(5, 56),
(5, 57),
(5, 58),
(5, 59),
(5, 60),
(5, 61),
(5, 62),
(5, 63),
(5, 64),
(6, 65),
(6, 66),
(6, 67),
(6, 68),
(6, 69),
(6, 70),
(6, 71),
(6, 72),
(6, 73),
(6, 74),
(6, 75),
(6, 76),
(6, 77),
(6, 78),
(7, 79),
(7, 80),
(7, 81),
(7, 82),
(7, 83),
(7, 84),
(7, 85),
(7, 86),
(7, 87),
(7, 88),
(7, 89),
(7, 90),
(7, 91),
(7, 92),
(7, 93);

ALTER TABLE players AUTO_INCREMENT = 94;

COMMIT;
SET FOREIGN_KEY_CHECKS = 1;
